{
    "resolution_m_per_cell": 0.05,
    "x_min_m": 1.4000000000000001,
    "x_max_m": 19.1,
    "y_min_m": -5.7,
    "y_max_m": 5.6000000000000005,
    "nx": 355,
    "ny": 226,
    "free_value": 0,
    "unknown_value": 50,
    "occupied_value": 100,
    "floor_method": "ransac",
    "floor_origin": [
        0.15240473555368902,
        -0.10851105077469593,
        -1.2797807602376323
    ],
    "floor_normal": [
        -0.1178341506078979,
        0.08389704856055752,
        0.9894828943409496
    ],
    "x_axis": [
        0.9930332889437872,
        0.009955293106193615,
        0.11741285785063976
    ],
    "y_axis": [
        0.0,
        0.996424697296287,
        -0.08448563557198804
    ],
    "ground_band_m": 0.07,
    "min_obstacle_height_m": 0.12,
    "max_obstacle_height_m": 2.2,
    "inflation_radius_m": 0.05
}